country,gasoline_usd_per_liter,diesel_usd_per_liter,update_frequency,data_date
Afghanistan,1.041,1.025,monthly,2026-06-29
Albania,2.015,2.136,monthly,2026-06-29
Algeria,0.353,0.233,weekly,2026-06-29
Andorra,1.729,1.706,weekly,2026-06-29
Angola,0.327,0.458,monthly,2026-06-29
Argentina,1.370,1.532,weekly,2026-06-29
Armenia,1.495,1.604,monthly,2026-06-29
Aruba,1.534,1.426,weekly,2026-06-29
Australia,1.135,1.245,weekly,2026-06-29
Austria,1.883,1.954,weekly,2026-06-29
Azerbaijan,0.676,0.647,monthly,2026-06-29
Bahamas,1.864,1.844,monthly,2026-06-29
Bahrain,0.714,0.607,weekly,2026-06-29
Bangladesh,1.177,0.933,weekly,2026-06-29
Barbados,1.991,1.594,weekly,2026-06-29
Belarus,0.914,0.914,weekly,2026-06-29
Belgium,1.977,2.108,weekly,2026-06-29
Belize,2.031,1.864,monthly,2026-06-29
Benin,1.261,1.304,weekly,2026-06-29
Bhutan,1.057,1.102,monthly,2026-06-29
Bolivia,1.005,1.416,weekly,2026-06-29
Bosnia & Herz.,1.668,1.715,weekly,2026-06-29
Botswana,1.514,1.848,monthly,2026-06-29
Brazil,1.286,1.311,weekly,2026-06-29
Bulgaria,1.698,1.747,weekly,2026-06-29
Burkina Faso,1.478,1.174,weekly,2026-06-29
Burma,1.182,1.138,weekly,2026-06-29
Burundi,1.345,1.319,monthly,2026-06-29
C. Afr. Rep.,1.826,2.174,monthly,2026-06-29
Cambodia,1.317,0.994,weekly,2026-06-29
Cameroon,1.461,1.440,weekly,2026-06-29
Canada,1.311,1.330,weekly,2026-06-29
Cape Verde,1.687,1.417,weekly,2026-06-29
Cayman Islands,1.684,1.635,weekly,2026-06-29
Chile,1.624,1.409,weekly,2026-06-29
China,1.255,1.120,weekly,2026-06-29
Colombia,1.216,0.866,weekly,2026-06-29
Costa Rica,1.652,1.470,weekly,2026-06-29
Croatia,1.847,1.945,weekly,2026-06-29
Cuba,1.950,1.950,monthly,2026-06-29
Curacao,1.494,1.213,weekly,2026-06-29
Cyprus,1.719,1.847,weekly,2026-06-29
Czech Republic,1.827,1.677,weekly,2026-06-29
DR Congo,1.166,1.163,monthly,2026-06-29
Denmark,2.560,2.438,weekly,2026-06-29
Dom. Rep.,1.511,1.164,weekly,2026-06-29
Dominica,1.551,1.511,monthly,2026-06-29
Ecuador,0.875,0.859,weekly,2026-06-29
Egypt,0.488,0.417,weekly,2026-06-29
El Salvador,1.254,1.173,weekly,2026-06-29
Estonia,1.922,1.898,weekly,2026-06-29
Ethiopia,1.046,1.127,monthly,2026-06-29
Fiji,1.534,1.512,weekly,2026-06-29
Finland,2.476,2.526,weekly,2026-06-29
France,2.152,2.135,weekly,2026-06-29
Gabon,1.035,1.000,monthly,2026-06-29
Georgia,1.413,1.534,weekly,2026-06-29
Germany,2.179,2.104,weekly,2026-06-29
Ghana,1.441,1.407,weekly,2026-06-29
Greece,2.195,1.837,weekly,2026-06-29
Grenada,1.384,1.384,weekly,2026-06-29
Guatemala,1.205,1.082,weekly,2026-06-29
Guinea,1.369,1.369,monthly,2026-06-29
Guyana,1.125,1.197,weekly,2026-06-29
Haiti,1.414,1.596,monthly,2026-06-29
Honduras,1.290,1.200,weekly,2026-06-29
Hong Kong,4.060,4.299,weekly,2026-06-29
Hungary,1.911,1.975,weekly,2026-06-29
Iceland,1.735,1.972,weekly,2026-06-29
India,1.150,1.038,weekly,2026-06-29
Indonesia,0.949,1.191,weekly,2026-06-29
Iran,0.029,0.006,monthly,2026-06-29
Iraq,0.649,,monthly,2026-06-29
Ireland,2.049,2.064,weekly,2026-06-29
Israel,2.701,2.567,weekly,2026-06-29
Italy,2.066,2.158,weekly,2026-06-29
Ivory Coast,1.522,1.217,weekly,2026-06-29
Jamaica,1.515,1.520,weekly,2026-06-29
Japan,1.044,0.978,weekly,2026-06-29
Jordan,1.848,1.199,weekly,2026-06-29
Kazakhstan,0.672,0.712,monthly,2026-06-29
Kenya,1.642,1.711,weekly,2026-06-29
Kuwait,0.339,0.371,weekly,2026-06-29
Kyrgyzstan,1.010,1.075,monthly,2026-06-29
Laos,1.736,2.122,weekly,2026-06-29
Latvia,1.921,1.866,weekly,2026-06-29
Lebanon,1.136,0.931,weekly,2026-06-29
Lesotho,1.602,1.837,weekly,2026-06-29
Liberia,1.096,1.387,monthly,2026-06-29
Libya,0.023,0.023,monthly,2026-06-29
Liechtenstein,2.338,2.585,weekly,2026-06-29
Lithuania,1.845,1.934,weekly,2026-06-29
Luxembourg,1.860,1.818,weekly,2026-06-29
Madagascar,1.202,1.145,weekly,2026-06-29
Malawi,3.240,3.636,weekly,2026-06-29
Malaysia,0.825,0.972,weekly,2026-06-29
Maldives,1.036,1.135,monthly,2026-06-29
Mali,1.522,1.635,monthly,2026-06-29
Malta,1.530,1.382,weekly,2026-06-29
Mauritius,1.362,1.511,weekly,2026-06-29
Mayotte,2.239,2.113,weekly,2026-06-29
Mexico,1.615,1.541,weekly,2026-06-29
Moldova,1.563,1.391,weekly,2026-06-29
Monaco,2.313,2.187,monthly,2026-06-29
Mongolia,1.541,1.740,monthly,2026-06-29
Montenegro,1.827,1.759,weekly,2026-06-29
Morocco,1.519,1.443,weekly,2026-06-29
Mozambique,1.467,1.821,weekly,2026-06-29
N. Maced.,1.566,1.482,weekly,2026-06-29
Namibia,1.436,1.728,weekly,2026-06-29
Nepal,1.433,1.486,weekly,2026-06-29
Netherlands,2.533,2.341,weekly,2026-06-29
New Zealand,1.849,1.607,weekly,2026-06-29
Nicaragua,1.331,1.174,weekly,2026-06-29
Niger,0.868,1.075,monthly,2026-06-29
Nigeria,0.816,1.069,monthly,2026-06-29
Norway,2.079,1.837,weekly,2026-06-29
Oman,0.622,0.671,weekly,2026-06-29
Pakistan,1.077,1.120,weekly,2026-06-29
Panama,1.178,1.104,weekly,2026-06-29
Paraguay,1.182,1.348,weekly,2026-06-29
Peru,1.566,1.634,weekly,2026-06-29
Philippines,1.186,1.123,weekly,2026-06-29
Poland,1.566,1.592,weekly,2026-06-29
Portugal,2.144,2.018,weekly,2026-06-29
Puerto Rico,1.173,1.161,weekly,2026-06-29
Qatar,0.574,0.561,weekly,2026-06-29
Romania,1.902,2.051,weekly,2026-06-29
Russia,0.908,1.013,weekly,2026-06-29
Rwanda,2.004,1.996,weekly,2026-06-29
Saint Lucia,1.364,1.364,weekly,2026-06-29
San Marino,1.623,1.735,monthly,2026-06-29
Saudi Arabia,0.621,0.477,weekly,2026-06-29
Senegal,1.600,1.183,monthly,2026-06-29
Serbia,1.878,2.112,weekly,2026-06-29
Seychelles,1.686,1.724,monthly,2026-06-29
Sierra Leone,1.677,1.779,weekly,2026-06-29
Singapore,2.353,2.834,weekly,2026-06-29
Slovakia,1.888,1.743,weekly,2026-06-29
Slovenia,1.755,1.833,weekly,2026-06-29
South Africa,1.567,1.678,weekly,2026-06-29
South Korea,1.526,1.521,weekly,2026-06-29
Spain,1.722,1.759,weekly,2026-06-29
Sri Lanka,1.474,1.423,weekly,2026-06-29
Sudan,0.700,0.656,monthly,2026-06-29
Suriname,1.288,1.420,weekly,2026-06-29
Swaziland,1.599,1.784,monthly,2026-06-29
Sweden,1.690,1.885,weekly,2026-06-29
Switzerland,2.307,2.515,weekly,2026-06-29
Syria,1.396,1.068,monthly,2026-06-29
Taiwan,1.004,0.928,weekly,2026-06-29
Tanzania,1.557,1.651,weekly,2026-06-29
Thailand,1.443,1.129,weekly,2026-06-29
Togo,1.261,1.304,monthly,2026-06-29
Trinidad & Tobago,1.142,0.650,monthly,2026-06-29
Tunisia,0.852,0.744,weekly,2026-06-29
Turkey,1.334,1.383,weekly,2026-06-29
Turkmenistan,0.428,0.285,monthly,2026-06-29
UAE,0.896,0.980,weekly,2026-06-29
UK,2.003,2.216,weekly,2026-06-29
USA,1.108,1.233,weekly,2026-06-29
Uganda,1.705,1.665,monthly,2026-06-29
Ukraine,1.704,1.748,weekly,2026-06-29
Uruguay,2.323,1.537,weekly,2026-06-29
Uzbekistan,1.241,1.095,monthly,2026-06-29
Venezuela,0.035,0.004,monthly,2026-06-29
Vietnam,0.834,0.839,weekly,2026-06-29
Wallis and Futuna,2.170,2.215,weekly,2026-06-29
Zambia,1.450,1.559,weekly,2026-06-29
Zimbabwe,1.980,1.990,weekly,2026-06-29
