subreddit,title,score,num_comments,posted_utc,permalink
r/economy,"Spirit Airlines CEO Dave Davis refuted the trump administration's entire narrative before Duffy and Bessent even finished their spin cycle, making clear that spiking fuel costs from trump's war with Iran were what actually killed the airline, not anything Biden did.",2306,85,2026-05-05T10:47:21+00:00,https://old.reddit.com/r/economy/comments/1t4bt4i/spirit_airlines_ceo_dave_davis_refuted_the_trump/
r/economy,Gonzo journalist Hunter S. Thompson wrote this a week after 9/11. So prophetic.,1663,228,2026-02-17T21:36:41+00:00,https://old.reddit.com/r/economy/comments/1r7jlo7/gonzo_journalist_hunter_s_thompson_wrote_this_a/
r/economy,Remember the BIDEN ECONOMY and how we needed the TRUMP ECONOMY?,1478,199,2026-05-07T17:30:03+00:00,https://old.reddit.com/r/economy/comments/1t6hdqa/remember_the_biden_economy_and_how_we_needed_the/
r/economy,Our economic priorities under this administration,1154,37,2026-03-16T20:09:51+00:00,https://old.reddit.com/r/economy/comments/1rvkoiw/our_economic_priorities_under_this_administration/
r/economy,Wall Street sounds alarm that Trump may be leading US to economic catastrophe: report,982,130,2026-03-20T12:43:09+00:00,https://old.reddit.com/r/economy/comments/1ryv7zz/wall_street_sounds_alarm_that_trump_may_be/
r/economy,The Iran war in a nutshell,921,101,2026-06-25T13:49:59+00:00,https://old.reddit.com/r/economy/comments/1ufalvc/the_iran_war_in_a_nutshell/
r/economy,"The US is demanding trillions in ""war ransom"" from its Persian Gulf Arab allies. Trump demands the GCC cough up $5 trillion for him to continue the war on Iran, and $2.5 trillion if they want him to stop.",875,162,2026-03-21T19:59:22+00:00,https://old.reddit.com/r/economy/comments/1s0156u/the_us_is_demanding_trillions_in_war_ransom_from/
r/economy,Leaked spy report warns Trump's Iran war faces disaster,873,172,2026-03-07T16:50:30+00:00,https://old.reddit.com/r/economy/comments/1rnesmo/leaked_spy_report_warns_trumps_iran_war_faces/
r/economy,The Mother Of All Corruption: Trump's Sons Accused of Trying to Profit Off Iran War With Drone Investment,865,18,2026-03-10T02:41:30+00:00,https://old.reddit.com/r/economy/comments/1rpl22e/the_mother_of_all_corruption_trumps_sons_accused/
r/economy,"Yesterday, energy executives sat down privately with Trump at the White House to discuss how to keep the blockade running for months. They were not there to complain. While you paid $4 at the pump, ExxonMobil made $11 billion. While you paid $4 at the pump, BP more than doubled its profits.",840,76,2026-04-30T16:40:54+00:00,https://old.reddit.com/r/economy/comments/1t01nwz/yesterday_energy_executives_sat_down_privately/
r/economy,"BREAKING: According to our analysis, ~$920 million worth of crude oil shorts were taken 70 minutes before an Axios report claimed the US and Iran were near a ""14-point"" deal to end the war.",837,77,2026-05-06T14:34:39+00:00,https://old.reddit.com/r/economy/comments/1t5eqop/breaking_according_to_our_analysis_920_million/
r/economy,Lindsey Graham: $1 Billion A Day For Iran War Is 'Best Money' U.S. Has 'Ever Spent',814,117,2026-03-08T18:57:14+00:00,https://old.reddit.com/r/economy/comments/1rod3g2/lindsey_graham_1_billion_a_day_for_iran_war_is/
r/economy,"Iran's Missile Math: $20,000 Drones Take on $4 Million Patriots.",791,67,2026-03-02T23:36:40+00:00,https://old.reddit.com/r/economy/comments/1rj95hq/irans_missile_math_20000_drones_take_on_4_million/
r/economy,Traders placed over $1bn in perfectly timed bets on the Iran war. What is going on?,783,55,2026-04-19T11:26:41+00:00,https://old.reddit.com/r/economy/comments/1spqdlq/traders_placed_over_1bn_in_perfectly_timed_bets/
r/economy,"It took less than 3 weeks for asymmetric warfare to even a war with the biggest military in the world. Iran cannot ""win"" on the battlefield but another week or two of oil and gas supplies being cut off and Trump will have no choice but to sue for peace.",766,142,2026-03-21T13:01:27+00:00,https://old.reddit.com/r/economy/comments/1rzqwb4/it_took_less_than_3_weeks_for_asymmetric_warfare/
r/economy,"Oil hit $119, gold crashed 6%, and every major central bank held rates—here's what this tells us about where we're headed",763,189,2026-03-19T22:09:31+00:00,https://old.reddit.com/r/economy/comments/1rye30n/oil_hit_119_gold_crashed_6_and_every_major/
r/economy,Trump says he's cutting all trade with Spain for refusing his Iran war request,748,87,2026-03-03T18:23:57+00:00,https://old.reddit.com/r/economy/comments/1rjx2uf/trump_says_hes_cutting_all_trade_with_spain_for/
r/economy,We are Slow Walking into the Biggest Resource Crisis in Living Memory.,747,205,2026-05-09T21:04:54+00:00,https://old.reddit.com/r/economy/comments/1t8n1im/we_are_slow_walking_into_the_biggest_resource/
r/economy,"To give you an idea of just how badly things are going, Lindsey Graham is now telling Trump to ""wind down"" the war in Iran and seek peace.",711,76,2026-03-31T18:39:06+00:00,https://old.reddit.com/r/economy/comments/1s8w14l/to_give_you_an_idea_of_just_how_badly_things_are/
r/economy,Q: You promised to bring inflation down. It's now at its highest level in three years. Are your policies not working?,700,93,2026-05-16T00:54:09+00:00,https://old.reddit.com/r/economy/comments/1teeptl/q_you_promised_to_bring_inflation_down_its_now_at/
r/economy,"The possibility that the economy of one of the world's richest nations, the United Arab Emirates, collapses is very real. And the media is silent about it self.",679,105,2026-03-17T22:58:22+00:00,https://old.reddit.com/r/economy/comments/1rwmg1j/the_possibility_that_the_economy_of_one_of_the/
r/economy,Iran demands US pay reparations for war damages in 6-point peace proposal,628,48,2026-05-19T12:47:34+00:00,https://old.reddit.com/r/economy/comments/1thlxmc/iran_demands_us_pay_reparations_for_war_damages/
r/economy,Trump's Presidency is a DISASTER,605,94,2026-05-02T18:01:20+00:00,https://old.reddit.com/r/economy/comments/1t1wzhz/trumps_presidency_is_a_disaster/
r/economy,Taco trump market manipulation lol,582,188,2026-03-23T11:11:20+00:00,https://old.reddit.com/r/economy/comments/1s1dwq0/taco_trump_market_manipulation_lol/
r/economy,"Billions More Needed for Iran War Trump Started, Pentagon Says | Meanwhile, cuts are coming to housing and health care.",566,63,2026-06-23T15:40:06+00:00,https://old.reddit.com/r/economy/comments/1udkmpu/billions_more_needed_for_iran_war_trump_started/
r/energy,Republicans Don't Want to Talk About Gas Prices Anymore. The same party that spent years falsely pinning every penny increase on President Biden is now scrambling to explain why prices have surged to their highest level in years amid Trump's war with Iran.,8271,259,2026-05-11T14:34:18+00:00,https://old.reddit.com/r/energy/comments/1ta54s5/republicans_dont_want_to_talk_about_gas_prices/
r/energy,"The war on Iran will likely end in American retreat. The US cannot continue the war without producing disastrous consequences. The likely endgame is that the war will end with a return to the status quo, except Iran will gain new strategic advantages.",3712,1058,2026-05-10T15:49:03+00:00,https://old.reddit.com/r/energy/comments/1t9airb/the_war_on_iran_will_likely_end_in_american/
r/energy,"War exposes folly of Trump's energy policy. At a moment in history when the US stood on the cusp of becoming competitive with China in renewable energy, Trump suddenly waved a white flag. Ironically, it is Trump's war with Iran that has most revealed the idiocies of his own policies.",3120,71,2026-03-30T14:22:13+00:00,https://old.reddit.com/r/energy/comments/1s7rzdu/war_exposes_folly_of_trumps_energy_policy_at_a/
r/energy,"Trump assaulted renewable energy. Now America is more vulnerable to Iran's fossil fuel shocks. Trump has made the US increasingly dependent on dirty, unstable sources of energy. ""The biggest short-term losers of the war will be US consumers of oil and gas, as prices of energy rise.""",2788,57,2026-03-06T16:05:51+00:00,https://old.reddit.com/r/energy/comments/1rmi0rj/trump_assaulted_renewable_energy_now_america_is/
r/energy,"Iran imposes mandatory insurance on ships transiting Strait of Hormuz, with fees likely to follow. Iran has asserted its control over the Strait, insisting that vessels comply with new terms to transit, including mandatory Iranian insurance. ""It's madness. This whole situation is a mess.""",2650,678,2026-06-19T15:11:40+00:00,https://old.reddit.com/r/energy/comments/1ua4lug/iran_imposes_mandatory_insurance_on_ships/
r/energy,"'Won't Even Make It Back To Your F***ing Country': Trump's Sharp Warning To Iran Over Hormuz. Trump also said the US could become the 'Guardian angel' of the Strait and take 20% of the oil as payment. Trump: ""We may take over the Strait, if we have to. I'll blow the sh*t out of them.""",2513,913,2026-06-21T16:13:54+00:00,https://old.reddit.com/r/energy/comments/1ubu0dk/wont_even_make_it_back_to_your_fing_country/
r/energy,'It's shocking how poorly prepared the administration is': DOGE gutted major energy personnel who warn the US has lost key insights amid Iran war. Six months before his attack on Iran Trump gutted an 80-person team within the State Department tasked with leading international energy diplomacy.,2246,78,2026-04-07T15:01:34+00:00,https://old.reddit.com/r/energy/comments/1seyhzd/its_shocking_how_poorly_prepared_the/
r/energy,"Oil industry pleads its Hormuz case with White House. Oil executives are opposing plan to allow Iran to charge $2 million toll for ships passing through the Strait. ""We didn't have to do that before — and I thought we won the war. ...what are you guys thinking?""",2235,367,2026-04-09T14:27:51+00:00,https://old.reddit.com/r/energy/comments/1sgr6u2/oil_industry_pleads_its_hormuz_case_with_white/
r/energy,"China stockpiled huge amounts of oil before Iran war. China added heavily to its oil reserves in 2025 when prices were low - now at 1.4B barrels. It also owns over 70% of global solar, wind, battery and EV supply chains, which are surging. China's moves last year are looking increasingly prescient.",1681,275,2026-04-24T22:19:17+00:00,https://old.reddit.com/r/energy/comments/1suu3dk/china_stockpiled_huge_amounts_of_oil_before_iran/
r/energy,"Trump Cites Inaccurate Data to Downplay Economic Toll of Iran War. He has lied repeatedly about soaring gas prices, rising inflation and the American economy's need for the Strait of Hormuz. Here's a fact check.",1640,48,2026-05-15T15:36:18+00:00,https://old.reddit.com/r/energy/comments/1tdzx80/trump_cites_inaccurate_data_to_downplay_economic/
r/energy,"Iran threatens to ""irreversibly destroy"" Gulf's energy infrastructure after Trump ultimatum. Trump said earlier he would ""obliterate"" Iran's power plants unless Tehran reopened Strait of Hormuz within 48 hours.",1520,627,2026-03-22T14:34:09+00:00,https://old.reddit.com/r/energy/comments/1s0n6ok/iran_threatens_to_irreversibly_destroy_gulfs/
r/energy,Another Russian oil facility burns after Zelenskyy touts Ukraine's long-range drone reach. The facility is located in the Ural mountains more than 900 mi. from Ukraine. Ukraine has escalated its campaign against Russian oil facilities in an effort to stop Moscow gaining a windfall from the Iran war.,1437,61,2026-04-29T15:27:46+00:00,https://old.reddit.com/r/energy/comments/1sz23pr/another_russian_oil_facility_burns_after/
r/energy,Iran Believes It's Winning—and Wants a Steep Price to End the War [No paywall],1427,1442,2026-03-21T07:16:29+00:00,https://old.reddit.com/r/energy/comments/1rzl4pm/iran_believes_its_winningand_wants_a_steep_price/
r/energy,"Trump's Iran War Is Smashing His Fossil Fuel Dreams. Trump wanted to ensure American hegemony and global energy dominance. Instead, he might be torpedoing both. As the war drags on, more countries are souring on the idea that oil and gas are reliable and necessary ingredients for a thriving economy.",1425,181,2026-05-01T15:08:02+00:00,https://old.reddit.com/r/energy/comments/1t0w35h/trumps_iran_war_is_smashing_his_fossil_fuel/
r/energy,"Electric cars are starting to take over the world. A record-breaking 28% of new cars sold this year will be battery-powered even as Trump stymies sales in the US. We're well past the peak for gas car sales, and the trends are in favor of EVs. Trump's war in Iran has added urgency to the transition.",1369,229,2026-06-05T15:39:42+00:00,https://old.reddit.com/r/energy/comments/1txoicl/electric_cars_are_starting_to_take_over_the_world/
r/energy,"Trump Suggests Stealing Half of Iran's Oil as War Payback. Iran is demanding funds for reconstruction as part of deal. ""they're talking about a trillion dollars... that's why we'll probably get involved in rebuilding... but we'll get half their oil."" Trump appears to believe Iran will accept this.",1316,303,2026-06-10T16:05:48+00:00,https://old.reddit.com/r/energy/comments/1u26ied/trump_suggests_stealing_half_of_irans_oil_as_war/
r/energy,"The ""imminent"" oil crisis isn't at the pump—it's under your hood",1285,525,2026-05-29T14:16:27+00:00,https://old.reddit.com/r/energy/comments/1tr38wv/the_imminent_oil_crisis_isnt_at_the_pumpits_under/
r/energy,America's Biggest Energy Hub Is About to Run Out of Oil | Donald Trump's war on Iran is driving U.S. oil inventories dangerously low.,1261,159,2026-06-12T19:59:58+00:00,https://old.reddit.com/r/energy/comments/1u45xrr/americas_biggest_energy_hub_is_about_to_run_out/
r/energy,"Trump administration underestimated Iran war's impact on Strait of Hormuz. ""Planning around preventing this exact scenario — impossible as it has long seemed — has been a bedrock principle of US national security policy for decades. I'm dumbfounded.""",1256,111,2026-03-13T16:02:09+00:00,https://old.reddit.com/r/energy/comments/1rsrc5k/trump_administration_underestimated_iran_wars/
r/energy,Trump vowed to break Iran. His own economy may break first. Iran is betting that its closure of the Strait of Hormuz will send oil prices soaring and inflict enough pain on the US economy to force Trump to back down — a risk that oil analysts say could be just a few weeks away from playing out.,1185,511,2026-04-24T13:32:24+00:00,https://old.reddit.com/r/energy/comments/1sufw0z/trump_vowed_to_break_iran_his_own_economy_may/
r/energy,"Breaking - Ship traffic in the Strait of Hormuz must be halted immediately, says Iran",1128,255,2026-04-08T13:36:56+00:00,https://old.reddit.com/r/energy/comments/1sft2z5/breaking_ship_traffic_in_the_strait_of_hormuz/
r/energy,"Trump's war in Iran is costing the US economy 10,000 jobs a month, Goldman Sachs says. The oil price shock will suppress payroll growth through the end of the year, increase both unemployment and inflation and lower GDP growth. That dynamic is hitting Gen Z especially hard.",1122,75,2026-03-27T15:56:55+00:00,https://old.reddit.com/r/energy/comments/1s584qd/trumps_war_in_iran_is_costing_the_us_economy/
r/energy,"Krugman: Donald Trump, Champion of Renewable Energy. His humiliating defeat in Iran has sealed the deal. Trump's disastrous war has delivered a huge boost for renewable energy around the world — except in the US. The world has learned a hard lesson about the riskiness of relying on fossil fuels.",1009,42,2026-06-19T15:19:44+00:00,https://old.reddit.com/r/energy/comments/1ua4t7u/krugman_donald_trump_champion_of_renewable_energy/
r/energy,"Le Pen hammers Trump as Iran war triggers spiraling energy crisis. The French far-right chief says ""these strikes were carried out blindly,"" in a fierce rebuke. ""Trump clearly did not fully appreciate the impact of his intervention. ...becoming apparent that very little preparation was done.""",998,47,2026-04-02T14:14:04+00:00,https://old.reddit.com/r/energy/comments/1saik4j/le_pen_hammers_trump_as_iran_war_triggers/
r/energy,"Was It Worth It? The True Cost of Trump's Iran War. The deal gives Iran sanctions relief, reconstruction funds, and the ability to charge tolls on the world's most critical waterway. While the White House may call it a victory, the costs suggest otherwise.",982,123,2026-06-20T15:16:02+00:00,https://old.reddit.com/r/energy/comments/1uaz3zd/was_it_worth_it_the_true_cost_of_trumps_iran_war/
